1M3U_A_209,-520.11333114
1M3U_A_445,-519.542021865
1M3U_A_446,-519.787605533
1M3U_A_440,-519.816719932
1M3U_A_366,-521.499820665
1M3U_A_379,-521.763404235
1M3U_A_271,-520.006284339
1M3U_A_29,-519.802181517
1M3U_A_26,-521.796904222
1M3U_A_23,-519.051702237
1M3U_A_293,-521.131411634
1M3U_A_297,-522.51324256
1M3U_A_113,-521.86481665
1M3U_A_58,-520.15543828
1M3U_A_117,-521.730766006
1M3U_A_470,-519.321725728
1M3U_A_476,-519.683647094
1M3U_A_279,-520.504569141
1M3U_A_375,-518.976915268
1M3U_A_374,-519.154444665
1M3U_A_270,-519.421763646
1M3U_A_378,-520.391849579
1M3U_A_275,-521.726297734
1M3U_A_286,-519.14359899
1M3U_A_285,-523.433658925
1M3U_A_160,-521.917063317
1M3U_A_94,-520.74394771
1M3U_A_463,-519.507086517
1M3U_A_179,-519.889597475
1M3U_A_89,-522.175301502
1M3U_A_175,-520.205782796
1M3U_A_310,-519.201985398
1M3U_A_412,-520.731866227
1M3U_A_413,-519.861691386
1M3U_A_417,-519.138456484
1M3U_A_414,-520.634605063
1M3U_A_253,-519.095333189
1M3U_A_140,-519.925389738
1M3U_A_386,-522.276330573
1M3U_A_149,-519.338046495
1M3U_A_288,-520.90766439
1M3U_A_381,-518.978963877
1M3U_A_122,-519.812270897
1M3U_A_120,-519.358893517
1M3U_A_125,-519.24167982
1M3U_A_129,-520.674767739
1M3U_A_409,-519.225841601
1M3U_A_254,-519.755118286
1M3U_A_246,-522.07841217
1M3U_A_400,-519.979643569
1M3U_A_403,-519.2080538
1M3U_A_406,-519.273091053
1M3U_A_157,-519.569027308
1M3U_A_154,-521.554604989
1M3U_A_65,-520.935199889
1M3U_A_396,-520.174184589
1M3U_A_135,-520.71123029
1M3U_A_334,-518.80529414
1M3U_A_330,-520.409128914
1M3U_A_234,-519.051218698
1M3U_A_235,-520.086698072
1M3U_A_53,-521.295821342
1M3U_A_59,-519.807046972
1M3U_A_189,-522.570908325
1M3U_A_106,-522.024917402
1M3U_A_100,-521.192267286
1M3U_A_425,-519.698847541
1M3U_A_108,-519.024161614
1M3U_A_224,-520.786858629
1M3U_A_188,-519.287595817
1M3U_A_220,-518.833535584
1M3U_A_1,-521.099847828
1M3U_A_424,-520.30508556
1M3U_A_341,-519.122216552
1M3U_A_43,-521.726468317
1M3U_A_218,-522.523208165
1M3U_A_214,-518.962634585
1M3U_A_191,-522.281711536
1M3U_A_190,-519.551195579
1M3U_A_452,-519.184720899
1M3U_A_194,-520.569283355
1M3U_A_199,-519.16808394
1M3U_A_458,-519.640259974
1M3U_A_385,-519.155010223
1M3U_A_35,-519.267210207
1M3U_A_34,-519.398334029
1M3U_A_37,-518.994003066
1M3U_A_36,-519.421110589
1M3U_A_31,-520.00762364
